image,label,x_min,y_min,x_max,y_max
/data/local-files/?d=Users/Fiary/anaconda3/envs/label_studio/project/datas2/clean_data/coco2_images/000000005247.jpg,person,95.68890380859375,34.498138427734375,401.8447266,420.32989501953125
/data/local-files/?d=Users/Fiary/anaconda3/envs/label_studio/project/datas2/clean_data/coco2_images/000000005247.jpg,person,420.17333984375,106.7243423461914,500.4710693359375,316.8038635253906
/data/local-files/?d=Users/Fiary/anaconda3/envs/label_studio/project/datas2/clean_data/coco2_images/000000005394.jpg,boat,61.243988037109375,173.36477661132812,319.07537841796875,266.3554688
/data/local-files/?d=Users/Fiary/anaconda3/envs/label_studio/project/datas2/clean_data/coco2_images/000000005802.jpg,person,10.50726318359375,68.42816162109375,285.0811767578125,479
/data/local-files/?d=Users/Fiary/anaconda3/envs/label_studio/project/datas2/clean_data/coco2_images/000000005802.jpg,person,394.19500732421875,181.560302734375,478.21270751953125,442.9561767578125
/data/local-files/?d=Users/Fiary/anaconda3/envs/label_studio/project/datas2/clean_data/coco2_images/000000005802.jpg,person,1.7557220458984375,238.86508178710938,66.0865249633789,287.0705261230469
/data/local-files/?d=Users/Fiary/anaconda3/envs/label_studio/project/datas2/clean_data/coco2_images/000000005879.jpg,person,37.206668853759766,315.68865966796875,158.47869873046875,566.8045654296875
/data/local-files/?d=Users/Fiary/anaconda3/envs/label_studio/project/datas2/clean_data/coco2_images/000000005879.jpg,bicycle,25.920806884765625,442.84454345703125,171.46429443359375,632.5440063476562
/data/local-files/?d=Users/Fiary/anaconda3/envs/label_studio/project/datas2/clean_data/coco2_images/000000005879.jpg,bicycle,117.88357543945312,446.47088623046875,268.53656005859375,615.7005004882812
/data/local-files/?d=Users/Fiary/anaconda3/envs/label_studio/project/datas2/clean_data/coco2_images/000000005879.jpg,person,145.47682189941406,328.21319580078125,204.1583709716797,470.46942138671875
/data/local-files/?d=Users/Fiary/anaconda3/envs/label_studio/project/datas2/clean_data/coco2_images/000000006672.jpg,bottle,114.50370788574219,284.1697998046875,133.1283721923828,329.73779296875
/data/local-files/?d=Users/Fiary/anaconda3/envs/label_studio/project/datas2/clean_data/coco2_images/000000008045.jpg,bottle,57.63436508178711,243.88418579101562,69.71231842041016,270.3442687988281
/data/local-files/?d=Users/Fiary/anaconda3/envs/label_studio/project/datas2/clean_data/coco2_images/000000008045.jpg,bottle,41.752445220947266,238.62876892089844,56.349456787109375,271.014404296875
/data/local-files/?d=Users/Fiary/anaconda3/envs/label_studio/project/datas2/clean_data/coco2_images/000000008045.jpg,sink,383.15985107421875,286.7566223144531,492.2109680175781,371.3572692871094
/data/local-files/?d=Users/Fiary/anaconda3/envs/label_studio/project/datas2/clean_data/coco2_images/000000008045.jpg,sink,383.30926513671875,288.9873962402344,489.6763916015625,322.65277099609375
/data/local-files/?d=Users/Fiary/anaconda3/envs/label_studio/project/datas2/clean_data/coco2_images/000000008180.jpg,airplane,2.4193115234375,43.77500915527344,540.1155395507812,193.32164001464844
/data/local-files/?d=Users/Fiary/anaconda3/envs/label_studio/project/datas2/clean_data/coco2_images/000000008180.jpg,airplane,453.65185546875,58.214691162109375,639.550537109375,132.52096557617188
/data/local-files/?d=Users/Fiary/anaconda3/envs/label_studio/project/datas2/clean_data/coco2_images/000000008218.jpg,clock,263.2215270996094,192.06900024414062,385.1070251464844,295.93914794921875
/data/local-files/?d=Users/Fiary/anaconda3/envs/label_studio/project/datas2/clean_data/coco2_images/000000011334.jpg,clock,499.9697266,0,540.230224609375,27.303497314453125
/data/local-files/?d=Users/Fiary/anaconda3/envs/label_studio/project/datas2/clean_data/coco2_images/000000011334.jpg,clock,420.156005859375,0,453.6964111328125,35.34196472167969
/data/local-files/?d=Users/Fiary/anaconda3/envs/label_studio/project/datas2/clean_data/coco2_images/000000011334.jpg,clock,269.5902099609375,461.63580322265625,298.1158447265625,479.7237548828125
/data/local-files/?d=Users/Fiary/anaconda3/envs/label_studio/project/datas2/clean_data/coco2_images/000000014297.jpg,boat,84.31683349609375,121.52462768554688,640,399.8289489746094
/data/local-files/?d=Users/Fiary/anaconda3/envs/label_studio/project/datas2/clean_data/coco2_images/000000014297.jpg,boat,252.61187744140625,99.9097900390625,568.8604125976562,146.50750732421875
/data/local-files/?d=Users/Fiary/anaconda3/envs/label_studio/project/datas2/clean_data/coco2_images/000000014297.jpg,boat,0.065093994140625,109.85079956054688,229.14378356933594,163.01156616210938
/data/local-files/?d=Users/Fiary/anaconda3/envs/label_studio/project/datas2/clean_data/coco2_images/000000014297.jpg,boat,0.12568283081054688,31.711227416992188,41.58326721191406,110.61875915527344
/data/local-files/?d=Users/Fiary/anaconda3/envs/label_studio/project/datas2/clean_data/coco2_images/000000014297.jpg,boat,0.2543182373046875,22.931488037109375,229.82470703125,163.89617919921875
/data/local-files/?d=Users/Fiary/anaconda3/envs/label_studio/project/datas2/clean_data/coco2_images/000000014297.jpg,boat,253.0166016,102.96743774414062,439.48565673828125,146.08038330078125
/data/local-files/?d=Users/Fiary/anaconda3/envs/label_studio/project/datas2/clean_data/coco2_images/000000016977.jpg,car,10.255645751953125,168.16229248046875,417.5965576171875,351.23944091796875
/data/local-files/?d=Users/Fiary/anaconda3/envs/label_studio/project/datas2/clean_data/coco2_images/000000016977.jpg,car,414.2898254394531,146.5970458984375,633.86865234375,295.4403076171875
/data/local-files/?d=Users/Fiary/anaconda3/envs/label_studio/project/datas2/clean_data/coco2_images/000000016977.jpg,person,0,159.9622802734375,44.498382568359375,252.61825561523438
/data/local-files/?d=Users/Fiary/anaconda3/envs/label_studio/project/datas2/clean_data/coco2_images/000000016977.jpg,car,0.4369659423828125,152.9970703,190.94821166992188,224.0120849609375
/data/local-files/?d=Users/Fiary/anaconda3/envs/label_studio/project/datas2/clean_data/coco2_images/000000016977.jpg,car,382.69769287109375,161.60443115234375,428.41912841796875,195.10256958007812
/data/local-files/?d=Users/Fiary/anaconda3/envs/label_studio/project/datas2/clean_data/coco2_images/000000016977.jpg,car,235.7853546142578,152.2615966796875,321.92669677734375,172.25836181640625
/data/local-files/?d=Users/Fiary/anaconda3/envs/label_studio/project/datas2/clean_data/coco2_images/000000016977.jpg,car,338.8717956542969,169.47711181640625,365.6405944824219,185.79605102539062
/data/local-files/?d=Users/Fiary/anaconda3/envs/label_studio/project/datas2/clean_data/coco2_images/000000016977.jpg,car,392.314697265625,166.70870971679688,428.39984130859375,197.35012817382812
/data/local-files/?d=Users/Fiary/anaconda3/envs/label_studio/project/datas2/clean_data/coco2_images/000000019523.jpg,person,115.675048828125,164.07254028320312,203.380126953125,464.1631164550781
/data/local-files/?d=Users/Fiary/anaconda3/envs/label_studio/project/datas2/clean_data/coco2_images/000000019523.jpg,person,293.14947509765625,191.5890350341797,394.95953369140625,468.00128173828125
/data/local-files/?d=Users/Fiary/anaconda3/envs/label_studio/project/datas2/clean_data/coco2_images/000000020788.jpg,person,17.660736083984375,0,421.1735534667969,436.18682861328125
/data/local-files/?d=Users/Fiary/anaconda3/envs/label_studio/project/datas2/clean_data/coco2_images/000000022793.jpg,person,441.6153564453125,55.970489501953125,566.0842895507812,273.52703857421875
/data/local-files/?d=Users/Fiary/anaconda3/envs/label_studio/project/datas2/clean_data/coco2_images/000000027842.jpg,sink,19.066635131835938,444.0550537109375,160.0276641845703,502.0992431640625
/data/local-files/?d=Users/Fiary/anaconda3/envs/label_studio/project/datas2/clean_data/coco2_images/000000027842.jpg,sink,311.865966796875,362.57965087890625,393.725341796875,384.17608642578125
/data/local-files/?d=Users/Fiary/anaconda3/envs/label_studio/project/datas2/clean_data/coco2_images/000000030423.jpg,giraffe,118.16293334960938,310.4915771484375,206.38992309570312,460.286376953125
/data/local-files/?d=Users/Fiary/anaconda3/envs/label_studio/project/datas2/clean_data/coco2_images/000000030423.jpg,giraffe,272.18682861328125,337.77056884765625,299.73883056640625,450.05609130859375
/data/local-files/?d=Users/Fiary/anaconda3/envs/label_studio/project/datas2/clean_data/coco2_images/000000030423.jpg,giraffe,321.03253173828125,334.73919677734375,354.39337158203125,454.85125732421875
/data/local-files/?d=Users/Fiary/anaconda3/envs/label_studio/project/datas2/clean_data/coco2_images/000000030423.jpg,giraffe,169.2021942138672,321.5274658203125,206.81028747558594,459.11376953125
/data/local-files/?d=Users/Fiary/anaconda3/envs/label_studio/project/datas2/clean_data/coco2_images/000000031519.jpg,person,14.024425506591797,264.3417969,42.7855224609375,360.1914063
/data/local-files/?d=Users/Fiary/anaconda3/envs/label_studio/project/datas2/clean_data/coco2_images/000000031519.jpg,person,50.68124008178711,263.7862243652344,88.01663208007812,369.1089172363281
/data/local-files/?d=Users/Fiary/anaconda3/envs/label_studio/project/datas2/clean_data/coco2_images/000000031519.jpg,person,110.76875305175781,275.0843200683594,131.94989013671875,304.0632629394531
/data/local-files/?d=Users/Fiary/anaconda3/envs/label_studio/project/datas2/clean_data/coco2_images/000000031984.jpg,person,0.0905303955078125,147.78260803222656,121.43424987792969,636.4300537109375
/data/local-files/?d=Users/Fiary/anaconda3/envs/label_studio/project/datas2/clean_data/coco2_images/000000031984.jpg,person,145.29791259765625,110.68804931640625,346.462646484375,635.7557373046875
/data/local-files/?d=Users/Fiary/anaconda3/envs/label_studio/project/datas2/clean_data/coco2_images/000000031984.jpg,person,116.23090362548828,175.25909423828125,167.1099853515625,359.50384521484375
/data/local-files/?d=Users/Fiary/anaconda3/envs/label_studio/project/datas2/clean_data/coco2_images/000000031984.jpg,person,155.257568359375,172.12176513671875,207.1939697265625,323.12872314453125
/data/local-files/?d=Users/Fiary/anaconda3/envs/label_studio/project/datas2/clean_data/coco2_images/000000031984.jpg,person,198.40802001953125,172.77490234375,235.25369262695312,285.602294921875
/data/local-files/?d=Users/Fiary/anaconda3/envs/label_studio/project/datas2/clean_data/coco2_images/000000031984.jpg,person,338.47637939453125,198.32235717773438,361.21148681640625,241.22525024414062
/data/local-files/?d=Users/Fiary/anaconda3/envs/label_studio/project/datas2/clean_data/coco2_images/000000032203.jpg,person,155.42987060546875,140.35250854492188,314.08941650390625,326.3671569824219
/data/local-files/?d=Users/Fiary/anaconda3/envs/label_studio/project/datas2/clean_data/coco2_images/000000032203.jpg,person,294.94317626953125,137.00802612304688,440.04925537109375,284.3462219238281
/data/local-files/?d=Users/Fiary/anaconda3/envs/label_studio/project/datas2/clean_data/coco2_images/000000032203.jpg,person,458.861572265625,211.35504150390625,636.2049560546875,404.9022216796875
/data/local-files/?d=Users/Fiary/anaconda3/envs/label_studio/project/datas2/clean_data/coco2_images/000000034196.jpg,tv,104.17669677734375,152.26565551757812,335.5907897949219,328.222412109375
/data/local-files/?d=Users/Fiary/anaconda3/envs/label_studio/project/datas2/clean_data/coco2_images/000000034196.jpg,tv,328.843505859375,159.68093872070312,559.2991943359375,334.8096923828125
/data/local-files/?d=Users/Fiary/anaconda3/envs/label_studio/project/datas2/clean_data/coco2_images/000000036450.jpg,person,191.95428466796875,72.05209350585938,299.7098388671875,226.1197509765625
/data/local-files/?d=Users/Fiary/anaconda3/envs/label_studio/project/datas2/clean_data/coco2_images/000000040986.jpg,person,0,138.59548950195312,87.49012756347656,267.72467041015625
/data/local-files/?d=Users/Fiary/anaconda3/envs/label_studio/project/datas2/clean_data/coco2_images/000000043098.jpg,person,288.10595703125,186.60317993164062,396.320068359375,474.6903991699219
/data/local-files/?d=Users/Fiary/anaconda3/envs/label_studio/project/datas2/clean_data/coco2_images/000000050411.jpg,person,0.03076934814453125,202.00579833984375,101.24605560302734,479.93145751953125
/data/local-files/?d=Users/Fiary/anaconda3/envs/label_studio/project/datas2/clean_data/coco2_images/000000050411.jpg,car,430.5048828,210.16885375976562,640,343.6172180175781
/data/local-files/?d=Users/Fiary/anaconda3/envs/label_studio/project/datas2/clean_data/coco2_images/000000050411.jpg,person,464.9268798828125,207.11993408203125,514.9620361328125,350.46417236328125
/data/local-files/?d=Users/Fiary/anaconda3/envs/label_studio/project/datas2/clean_data/coco2_images/000000050411.jpg,person,161.53280639648438,194.70294189453125,215.31625366210938,257.93011474609375
/data/local-files/?d=Users/Fiary/anaconda3/envs/label_studio/project/datas2/clean_data/coco2_images/000000050411.jpg,person,280.97027587890625,121.00909423828125,347.70440673828125,285.0382995605469
/data/local-files/?d=Users/Fiary/anaconda3/envs/label_studio/project/datas2/clean_data/coco2_images/000000050411.jpg,car,42.674072265625,213.1900634765625,258.18231201171875,350.9676513671875
/data/local-files/?d=Users/Fiary/anaconda3/envs/label_studio/project/datas2/clean_data/coco2_images/000000051191.jpg,vase,462.4989929199219,258.03155517578125,480.4790344238281,297.28094482421875
/data/local-files/?d=Users/Fiary/anaconda3/envs/label_studio/project/datas2/clean_data/coco2_images/000000052087.jpg,toilet,197.34228515625,66.20768737792969,536.5863647460938,478.58917236328125
/data/local-files/?d=Users/Fiary/anaconda3/envs/label_studio/project/datas2/clean_data/coco2_images/000000052087.jpg,toilet,168.47547912597656,303.8861083984375,446.4544677734375,479.7030029296875
/data/local-files/?d=Users/Fiary/anaconda3/envs/label_studio/project/datas2/clean_data/coco2_images/000000052087.jpg,toilet,167.204345703125,143.18084716796875,445.0989990234375,479.972900390625
/data/local-files/?d=Users/Fiary/anaconda3/envs/label_studio/project/datas2/clean_data/coco2_images/000000052087.jpg,toilet,274.5052490234375,65.29708862304688,536.7467651367188,309.6695251464844
/data/local-files/?d=Users/Fiary/anaconda3/envs/label_studio/project/datas2/clean_data/coco2_images/000000056070.jpg,person,380.4210205078125,0.13249969482421875,400.28973388671875,49.108154296875
/data/local-files/?d=Users/Fiary/anaconda3/envs/label_studio/project/datas2/clean_data/coco2_images/000000056070.jpg,person,364.7851563,4.906314849853516,379.221435546875,49.31958770751953
/data/local-files/?d=Users/Fiary/anaconda3/envs/label_studio/project/datas2/clean_data/coco2_images/000000056070.jpg,person,38.508872985839844,6.740070343017578,52.550880432128906,56.66270446777344
/data/local-files/?d=Users/Fiary/anaconda3/envs/label_studio/project/datas2/clean_data/coco2_images/000000056070.jpg,person,78.87928771972656,8.843582153320312,94.24345397949219,46.36174774169922
/data/local-files/?d=Users/Fiary/anaconda3/envs/label_studio/project/datas2/clean_data/coco2_images/000000056070.jpg,person,60.448097229003906,8.05096435546875,72.38484954833984,50.986907958984375
/data/local-files/?d=Users/Fiary/anaconda3/envs/label_studio/project/datas2/clean_data/coco2_images/000000056070.jpg,person,63.36492919921875,7.473903656005859,77.57579040527344,50.191932678222656
/data/local-files/?d=Users/Fiary/anaconda3/envs/label_studio/project/datas2/clean_data/coco2_images/000000056070.jpg,person,52.73661804199219,8.834026336669922,69.26708984,50.89639663696289
/data/local-files/?d=Users/Fiary/anaconda3/envs/label_studio/project/datas2/clean_data/coco2_images/000000056752.jpg,person,55.34565734863281,171.795654296875,152.6649169921875,322.0404968261719
/data/local-files/?d=Users/Fiary/anaconda3/envs/label_studio/project/datas2/clean_data/coco2_images/000000057429.jpg,person,40.58029556274414,433.80804443359375,97.42279052734375,479.63677978515625
/data/local-files/?d=Users/Fiary/anaconda3/envs/label_studio/project/datas2/clean_data/coco2_images/000000057703.jpg,person,2.34600830078125,54.1002197265625,126.00209045410156,388.9627685546875
/data/local-files/?d=Users/Fiary/anaconda3/envs/label_studio/project/datas2/clean_data/coco2_images/000000057703.jpg,person,475.42791748046875,50.494537353515625,621.4823608398438,369.8343811035156
/data/local-files/?d=Users/Fiary/anaconda3/envs/label_studio/project/datas2/clean_data/coco2_images/000000057703.jpg,person,285.939697265625,72.67988586425781,351.133056640625,218.9904022216797
/data/local-files/?d=Users/Fiary/anaconda3/envs/label_studio/project/datas2/clean_data/coco2_images/000000057703.jpg,person,284.97747802734375,72.67568969726562,351.81097412109375,300.681396484375
/data/local-files/?d=Users/Fiary/anaconda3/envs/label_studio/project/datas2/clean_data/coco2_images/000000059171.jpg,person,248.43270874023438,357.8861999511719,256.05670166015625,375.3489685058594
/data/local-files/?d=Users/Fiary/anaconda3/envs/label_studio/project/datas2/clean_data/coco2_images/000000059171.jpg,person,371.5155029296875,355.52044677734375,379.450439453125,372.40521240234375
/data/local-files/?d=Users/Fiary/anaconda3/envs/label_studio/project/datas2/clean_data/coco2_images/000000059171.jpg,person,361.8734130859375,354.8261413574219,368.5750732421875,372.0954284667969
/data/local-files/?d=Users/Fiary/anaconda3/envs/label_studio/project/datas2/clean_data/coco2_images/000000061259.jpg,airplane,9.72210693359375,180.9316406,637.0416870117188,430.8221435546875
/data/local-files/?d=Users/Fiary/anaconda3/envs/label_studio/project/datas2/clean_data/coco2_images/000000061259.jpg,airplane,428.84576416015625,90.76644897460938,563.3299560546875,133.90220642089844
/data/local-files/?d=Users/Fiary/anaconda3/envs/label_studio/project/datas2/clean_data/coco2_images/000000061422.jpg,sink,149.02157592773438,125.43585205078125,415.7123107910156,227.28530883789062
/data/local-files/?d=Users/Fiary/anaconda3/envs/label_studio/project/datas2/clean_data/coco2_images/000000062483.jpg,person,20.55976104736328,52.85675048828125,262.31427001953125,640
/data/local-files/?d=Users/Fiary/anaconda3/envs/label_studio/project/datas2/clean_data/coco2_images/000000062483.jpg,person,216.86160278320312,33.80273438,407.3645935058594,639.4176025390625
/data/local-files/?d=Users/Fiary/anaconda3/envs/label_studio/project/datas2/clean_data/coco2_images/000000062483.jpg,person,398.94073486328125,172.90626525878906,424.77349853515625,230.38755798339844
/data/local-files/?d=Users/Fiary/anaconda3/envs/label_studio/project/datas2/clean_data/coco2_images/000000062483.jpg,person,0.15435791015625,57.046356201171875,61.302520751953125,370.658447265625
/data/local-files/?d=Users/Fiary/anaconda3/envs/label_studio/project/datas2/clean_data/coco2_images/000000062483.jpg,person,232.9551239013672,166.95941162109375,272.20611572265625,216.15216064453125
/data/local-files/?d=Users/Fiary/anaconda3/envs/label_studio/project/datas2/clean_data/coco2_images/000000069236.jpg,bench,118.59042358398438,233.51327514648438,434.2169494628906,418.5033264160156
/data/local-files/?d=Users/Fiary/anaconda3/envs/label_studio/project/datas2/clean_data/coco2_images/000000069236.jpg,bench,53.441162109375,229.77508544921875,384.5732116699219,378.05047607421875
/data/local-files/?d=Users/Fiary/anaconda3/envs/label_studio/project/datas2/clean_data/coco2_images/000000069293.jpg,sink,0.0193023681640625,168.54669189453125,188.2429656982422,370.45172119140625
/data/local-files/?d=Users/Fiary/anaconda3/envs/label_studio/project/datas2/clean_data/coco2_images/000000069293.jpg,sink,0.8754425048828125,199.33193969726562,82.30352783203125,303.7418212890625
/data/local-files/?d=Users/Fiary/anaconda3/envs/label_studio/project/datas2/clean_data/coco2_images/000000073280.jpg,tv,600.4810791015625,153.89532470703125,639.719970703125,212.31997680664062
/data/local-files/?d=Users/Fiary/anaconda3/envs/label_studio/project/datas2/clean_data/coco2_images/000000073280.jpg,sink,533.72900390625,292.5132751464844,639.839111328125,321.9859313964844
/data/local-files/?d=Users/Fiary/anaconda3/envs/label_studio/project/datas2/clean_data/coco2_images/000000073280.jpg,sink,561.8023681640625,294.64825439453125,640,321.19085693359375
/data/local-files/?d=Users/Fiary/anaconda3/envs/label_studio/project/datas2/clean_data/coco2_images/000000074132.jpg,sink,18.98732566833496,348.0550537109375,72.14397430419922,389.386962890625
/data/local-files/?d=Users/Fiary/anaconda3/envs/label_studio/project/datas2/clean_data/coco2_images/000000075118.jpg,airplane,84.39346313476562,74.78466797,325.1629638671875,249.89065551757812
/data/local-files/?d=Users/Fiary/anaconda3/envs/label_studio/project/datas2/clean_data/coco2_images/000000075663.jpg,sink,580.3438720703125,288.07916259765625,637.4093017578125,343.555908203125
/data/local-files/?d=Users/Fiary/anaconda3/envs/label_studio/project/datas2/clean_data/coco2_images/000000079472.jpg,tv,425.72833251953125,146.94253540039062,589.3883056640625,292.8375244140625
/data/local-files/?d=Users/Fiary/anaconda3/envs/label_studio/project/datas2/clean_data/coco2_images/000000081505.jpg,airplane,27.58428955078125,175.5689697265625,512.8974609,297.3865661621094
/data/local-files/?d=Users/Fiary/anaconda3/envs/label_studio/project/datas2/clean_data/coco2_images/000000082673.jpg,car,296.8610534667969,201.6068115234375,479.8529968261719,498.96282958984375
/data/local-files/?d=Users/Fiary/anaconda3/envs/label_studio/project/datas2/clean_data/coco2_images/000000082673.jpg,car,103.0039063,193.58416748046875,477.6119384765625,580.8016357421875
/data/local-files/?d=Users/Fiary/anaconda3/envs/label_studio/project/datas2/clean_data/coco2_images/000000085145.jpg,airplane,111.18736267089844,208.30630493164062,567.4844970703125,353.2541809082031
/data/local-files/?d=Users/Fiary/anaconda3/envs/label_studio/project/datas2/clean_data/coco2_images/000000085316.jpg,person,448.5830078,229.16416931152344,486.1495361328125,330.4149169921875
/data/local-files/?d=Users/Fiary/anaconda3/envs/label_studio/project/datas2/clean_data/coco2_images/000000085316.jpg,person,371.4659423828125,160.73471069335938,437.92352294921875,328.49945068359375
/data/local-files/?d=Users/Fiary/anaconda3/envs/label_studio/project/datas2/clean_data/coco2_images/000000085316.jpg,person,536.864013671875,242.55706787109375,578.9179688,333.9742431640625
/data/local-files/?d=Users/Fiary/anaconda3/envs/label_studio/project/datas2/clean_data/coco2_images/000000090732.jpg,person,139.63800048828125,104.84417724609375,321.05328369140625,547.4597778320312
/data/local-files/?d=Users/Fiary/anaconda3/envs/label_studio/project/datas2/clean_data/coco2_images/000000090732.jpg,person,168.36077880859375,594.2745971679688,331.6796875,639.8126831054688
/data/local-files/?d=Users/Fiary/anaconda3/envs/label_studio/project/datas2/clean_data/coco2_images/000000092678.jpg,person,306.67877197265625,241.31483459472656,428.80426025390625,444.225830078125
/data/local-files/?d=Users/Fiary/anaconda3/envs/label_studio/project/datas2/clean_data/coco2_images/000000093959.jpg,sink,113.61459350585938,312.0791016,285.9062194824219,344.3677978515625
/data/local-files/?d=Users/Fiary/anaconda3/envs/label_studio/project/datas2/clean_data/coco2_images/000000093959.jpg,sink,121.92646026611328,312.69732666015625,208.61419677734375,332.87420654296875
/data/local-files/?d=Users/Fiary/anaconda3/envs/label_studio/project/datas2/clean_data/coco2_images/000000097790.jpg,airplane,231.0220184326172,225.8086700439453,353.60235595703125,311.15484619140625
/data/local-files/?d=Users/Fiary/anaconda3/envs/label_studio/project/datas2/clean_data/coco2_images/000000097790.jpg,airplane,155.55462646484375,166.73782348632812,316.9073486328125,234.43267822265625
/data/local-files/?d=Users/Fiary/anaconda3/envs/label_studio/project/datas2/clean_data/coco2_images/000000099389.jpg,motorcycle,78.773681640625,290.67059326171875,392.34295654296875,517.6871948242188
/data/local-files/?d=Users/Fiary/anaconda3/envs/label_studio/project/datas2/clean_data/coco2_images/000000100138.jpg,motorcycle,15.00885009765625,43.08966064453125,428.52587890625,610.1915283203125
/data/local-files/?d=Users/Fiary/anaconda3/envs/label_studio/project/datas2/clean_data/coco2_images/000000102625.jpg,tv,0.352386474609375,297.057373046875,158.57379150390625,479.47552490234375
/data/local-files/?d=Users/Fiary/anaconda3/envs/label_studio/project/datas2/clean_data/coco2_images/000000102625.jpg,bottle,407.669189453125,243.805908203125,419.7119141,265.96405029296875
/data/local-files/?d=Users/Fiary/anaconda3/envs/label_studio/project/datas2/clean_data/coco2_images/000000102625.jpg,bottle,247.3367919921875,230.74038696289062,258.2537841796875,266.8917541503906
/data/local-files/?d=Users/Fiary/anaconda3/envs/label_studio/project/datas2/clean_data/coco2_images/000000102625.jpg,bottle,301.360107421875,242.31109619140625,310.0068359,264.3500671386719
/data/local-files/?d=Users/Fiary/anaconda3/envs/label_studio/project/datas2/clean_data/coco2_images/000000104326.jpg,chair,323.53271484375,288.8917236328125,352.16558837890625,335.9793701171875
/data/local-files/?d=Users/Fiary/anaconda3/envs/label_studio/project/datas2/clean_data/coco2_images/000000104326.jpg,chair,410.148681640625,342.24432373046875,467.81976318359375,416.21124267578125
/data/local-files/?d=Users/Fiary/anaconda3/envs/label_studio/project/datas2/clean_data/coco2_images/000000104326.jpg,chair,425.405517578125,279.72845458984375,485.9583740234375,419.91351318359375
/data/local-files/?d=Users/Fiary/anaconda3/envs/label_studio/project/datas2/clean_data/coco2_images/000000104326.jpg,chair,322.989013671875,288.79168701171875,373.3653564453125,343.34991455078125
/data/local-files/?d=Users/Fiary/anaconda3/envs/label_studio/project/datas2/clean_data/coco2_images/000000104326.jpg,chair,369.45269775390625,260.90887451171875,403.0814208984375,293.8162841796875
/data/local-files/?d=Users/Fiary/anaconda3/envs/label_studio/project/datas2/clean_data/coco2_images/000000106140.jpg,airplane,11.830718994140625,234.4248504638672,497.302001953125,378.91436767578125
/data/local-files/?d=Users/Fiary/anaconda3/envs/label_studio/project/datas2/clean_data/coco2_images/000000106900.jpg,person,365.0961608886719,18.413726806640625,472.7621154785156,294.27911376953125
/data/local-files/?d=Users/Fiary/anaconda3/envs/label_studio/project/datas2/clean_data/coco2_images/000000106900.jpg,person,184.58926391601562,125.738525390625,261.9025573730469,352.05462646484375
/data/local-files/?d=Users/Fiary/anaconda3/envs/label_studio/project/datas2/clean_data/coco2_images/000000107990.jpg,person,345.807373046875,115.90997314453125,425.6832275390625,333.976806640625
/data/local-files/?d=Users/Fiary/anaconda3/envs/label_studio/project/datas2/clean_data/coco2_images/000000107990.jpg,person,241.30593872070312,132.6183319091797,267.7552185058594,166.13917541503906
/data/local-files/?d=Users/Fiary/anaconda3/envs/label_studio/project/datas2/clean_data/coco2_images/000000108283.jpg,toilet,254.56390380859375,294.19158935546875,354.23614501953125,469.85980224609375
/data/local-files/?d=Users/Fiary/anaconda3/envs/label_studio/project/datas2/clean_data/coco2_images/000000119964.jpg,person,238.32492065429688,216.617431640625,419.0531921386719,402.83563232421875
/data/local-files/?d=Users/Fiary/anaconda3/envs/label_studio/project/datas2/clean_data/coco2_images/000000120021.jpg,person,167.02511596679688,0.03261566162109375,238.0125732421875,101.36032104492188
/data/local-files/?d=Users/Fiary/anaconda3/envs/label_studio/project/datas2/clean_data/coco2_images/000000120021.jpg,person,53.764617919921875,0.00348663330078125,155.74221801757812,125.86536407470703
/data/local-files/?d=Users/Fiary/anaconda3/envs/label_studio/project/datas2/clean_data/coco2_images/000000120021.jpg,person,272.6488037109375,0.0708160400390625,393.29010009765625,121.05424499511719
/data/local-files/?d=Users/Fiary/anaconda3/envs/label_studio/project/datas2/clean_data/coco2_images/000000120021.jpg,person,272.45953369140625,0.3313446044921875,351.106689453125,120.75667572021484
/data/local-files/?d=Users/Fiary/anaconda3/envs/label_studio/project/datas2/clean_data/coco2_images/000000123843.jpg,sink,77.38198852539062,275.27581787109375,248.23126220703125,373.42547607421875
/data/local-files/?d=Users/Fiary/anaconda3/envs/label_studio/project/datas2/clean_data/coco2_images/000000124766.jpg,person,0,24.84918212890625,479.6502380371094,638.7081298828125
/data/local-files/?d=Users/Fiary/anaconda3/envs/label_studio/project/datas2/clean_data/coco2_images/000000126657.jpg,person,272.6410827636719,173.6602783203125,327.0392761230469,274.89312744140625
/data/local-files/?d=Users/Fiary/anaconda3/envs/label_studio/project/datas2/clean_data/coco2_images/000000126657.jpg,person,371.3211364746094,167.10842895507812,397.9979553222656,240.69833374023438
/data/local-files/?d=Users/Fiary/anaconda3/envs/label_studio/project/datas2/clean_data/coco2_images/000000126657.jpg,person,551.3341064453125,183.59725952148438,566.0682373046875,220.85317993164062
/data/local-files/?d=Users/Fiary/anaconda3/envs/label_studio/project/datas2/clean_data/coco2_images/000000126657.jpg,person,384.9189453,160.99578857421875,417.74169921875,240.48150634765625
/data/local-files/?d=Users/Fiary/anaconda3/envs/label_studio/project/datas2/clean_data/coco2_images/000000126657.jpg,person,150.49774169921875,161.84967041015625,176.546142578125,208.52880859375
/data/local-files/?d=Users/Fiary/anaconda3/envs/label_studio/project/datas2/clean_data/coco2_images/000000126657.jpg,person,246.25155639648438,176.46109008789062,254.1846923828125,195.92416381835938
/data/local-files/?d=Users/Fiary/anaconda3/envs/label_studio/project/datas2/clean_data/coco2_images/000000126657.jpg,person,165.39566040039062,171.38116455078125,199.344482421875,215.62991333007812
/data/local-files/?d=Users/Fiary/anaconda3/envs/label_studio/project/datas2/clean_data/coco2_images/000000126657.jpg,person,150.5598907470703,162.1683807373047,191.05442810058594,215.2704620361328
/data/local-files/?d=Users/Fiary/anaconda3/envs/label_studio/project/datas2/clean_data/coco2_images/000000126657.jpg,person,374.99432373046875,164.86199951171875,415.635009765625,242.83572387695312
/data/local-files/?d=Users/Fiary/anaconda3/envs/label_studio/project/datas2/clean_data/coco2_images/000000127585.jpg,book,225.36572265625,438.468505859375,292.2347412109375,465.91326904296875
/data/local-files/?d=Users/Fiary/anaconda3/envs/label_studio/project/datas2/clean_data/coco2_images/000000127585.jpg,book,224.59286499023438,441.27850341796875,294.1561584472656,477.08184814453125
/data/local-files/?d=Users/Fiary/anaconda3/envs/label_studio/project/datas2/clean_data/coco2_images/000000127585.jpg,book,170.96414184570312,483.42425537109375,219.53726196289062,513.1693115234375
/data/local-files/?d=Users/Fiary/anaconda3/envs/label_studio/project/datas2/clean_data/coco2_images/000000127585.jpg,book,171.743408203125,482.4698486328125,214.76556396484375,499.634033203125
/data/local-files/?d=Users/Fiary/anaconda3/envs/label_studio/project/datas2/clean_data/coco2_images/000000127585.jpg,book,150.4179688,434.434814453125,223.42529296875,475.7467041015625
/data/local-files/?d=Users/Fiary/anaconda3/envs/label_studio/project/datas2/clean_data/coco2_images/000000127585.jpg,book,354.9308166503906,475.5584716796875,395.4597473144531,502.9659423828125
/data/local-files/?d=Users/Fiary/anaconda3/envs/label_studio/project/datas2/clean_data/coco2_images/000000127585.jpg,book,53.18346405029297,308.0147705078125,69.19303894042969,332.3837891
/data/local-files/?d=Users/Fiary/anaconda3/envs/label_studio/project/datas2/clean_data/coco2_images/000000127585.jpg,book,218.18505859375,511.2606201171875,277.25457763671875,528.0380859
/data/local-files/?d=Users/Fiary/anaconda3/envs/label_studio/project/datas2/clean_data/coco2_images/000000127585.jpg,book,172.40426635742188,529.9174194335938,216.67074584960938,547.7660522460938
/data/local-files/?d=Users/Fiary/anaconda3/envs/label_studio/project/datas2/clean_data/coco2_images/000000132901.jpg,person,92.5769271850586,104.56710815429688,232.56265258789062,361.02972412109375
/data/local-files/?d=Users/Fiary/anaconda3/envs/label_studio/project/datas2/clean_data/coco2_images/000000132901.jpg,person,222.2481231689453,60.237091064453125,378.77850341796875,351.650634765625
/data/local-files/?d=Users/Fiary/anaconda3/envs/label_studio/project/datas2/clean_data/coco2_images/000000133680.jpg,person,318.27862548828125,128.1380615234375,513.5391235351562,438.41156005859375
/data/local-files/?d=Users/Fiary/anaconda3/envs/label_studio/project/datas2/clean_data/coco2_images/000000136783.jpg,toilet,420.56329345703125,279.7029724121094,570.052978515625,437.8325500488281
/data/local-files/?d=Users/Fiary/anaconda3/envs/label_studio/project/datas2/clean_data/coco2_images/000000136793.jpg,toilet,482.0762634277344,263.1217041015625,600.5006713867188,597.7380981445312
/data/local-files/?d=Users/Fiary/anaconda3/envs/label_studio/project/datas2/clean_data/coco2_images/000000136793.jpg,toilet,476.7176818847656,28.31839942932129,599.2459716796875,597.1527709960938
/data/local-files/?d=Users/Fiary/anaconda3/envs/label_studio/project/datas2/clean_data/coco2_images/000000138599.jpg,motorcycle,86.12030029296875,21.791412353515625,527.02392578125,418.87518310546875
/data/local-files/?d=Users/Fiary/anaconda3/envs/label_studio/project/datas2/clean_data/coco2_images/000000139011.jpg,person,396.1420593261719,273.3375244140625,471.0457458496094,425.94366455078125
/data/local-files/?d=Users/Fiary/anaconda3/envs/label_studio/project/datas2/clean_data/coco2_images/000000139011.jpg,person,208.99871826171875,264.5606689453125,313.3760986328125,424.975341796875
/data/local-files/?d=Users/Fiary/anaconda3/envs/label_studio/project/datas2/clean_data/coco2_images/000000139011.jpg,person,286.2337646484375,252.71746826171875,339.4598388671875,424.591552734375
/data/local-files/?d=Users/Fiary/anaconda3/envs/label_studio/project/datas2/clean_data/coco2_images/000000139011.jpg,person,500.5697326660156,292.38104248046875,565.9285888671875,427
/data/local-files/?d=Users/Fiary/anaconda3/envs/label_studio/project/datas2/clean_data/coco2_images/000000139011.jpg,person,326.7940673828125,270.57916259765625,362.4464111328125,425.10955810546875
/data/local-files/?d=Users/Fiary/anaconda3/envs/label_studio/project/datas2/clean_data/coco2_images/000000139011.jpg,person,132.24237060546875,277.56182861328125,182.74407958984375,427
/data/local-files/?d=Users/Fiary/anaconda3/envs/label_studio/project/datas2/clean_data/coco2_images/000000139011.jpg,person,27.590560913085938,281.33233642578125,85.90606689453125,426.62139892578125
/data/local-files/?d=Users/Fiary/anaconda3/envs/label_studio/project/datas2/clean_data/coco2_images/000000139011.jpg,person,189.16737365722656,288.6357422,221.1859893798828,419.89788818359375
/data/local-files/?d=Users/Fiary/anaconda3/envs/label_studio/project/datas2/clean_data/coco2_images/000000139011.jpg,person,170.69125366210938,290.538818359375,199.98880004882812,424.06842041015625
/data/local-files/?d=Users/Fiary/anaconda3/envs/label_studio/project/datas2/clean_data/coco2_images/000000139011.jpg,person,8.005386352539062,293.6490478515625,23.948230743408203,341.3228759765625
/data/local-files/?d=Users/Fiary/anaconda3/envs/label_studio/project/datas2/clean_data/coco2_images/000000139011.jpg,person,0.040264129638671875,286.0056457519531,11.624893188476562,359.4121398925781
/data/local-files/?d=Users/Fiary/anaconda3/envs/label_studio/project/datas2/clean_data/coco2_images/000000139011.jpg,person,560.7460327148438,290.2311706542969,576.4126586914062,333.3644714355469
/data/local-files/?d=Users/Fiary/anaconda3/envs/label_studio/project/datas2/clean_data/coco2_images/000000139011.jpg,person,381.8002624511719,272.1850891113281,403.1084899902344,415.1199645996094
/data/local-files/?d=Users/Fiary/anaconda3/envs/label_studio/project/datas2/clean_data/coco2_images/000000139011.jpg,person,218.5570068359375,284.9376220703125,240.66348266601562,315.4876708984375
/data/local-files/?d=Users/Fiary/anaconda3/envs/label_studio/project/datas2/clean_data/coco2_images/000000139440.jpg,person,152.9101563,113.34718322753906,192.74530029296875,163.4225616455078
/data/local-files/?d=Users/Fiary/anaconda3/envs/label_studio/project/datas2/clean_data/coco2_images/000000139440.jpg,person,186.1046142578125,105.5250244140625,227.33425903320312,162.47616577148438
/data/local-files/?d=Users/Fiary/anaconda3/envs/label_studio/project/datas2/clean_data/coco2_images/000000139440.jpg,person,314.08575439453125,103.140625,373.10430908203125,151.72784423828125
/data/local-files/?d=Users/Fiary/anaconda3/envs/label_studio/project/datas2/clean_data/coco2_images/000000139440.jpg,person,288.0074462890625,104.4033203,314.363525390625,143.886962890625
/data/local-files/?d=Users/Fiary/anaconda3/envs/label_studio/project/datas2/clean_data/coco2_images/000000139440.jpg,person,231.86367797851562,109.42237854003906,297.5113220214844,160.80726623535156
/data/local-files/?d=Users/Fiary/anaconda3/envs/label_studio/project/datas2/clean_data/coco2_images/000000139440.jpg,person,287.3627014160156,104.69180297851562,321.6388854980469,152.9544677734375
/data/local-files/?d=Users/Fiary/anaconda3/envs/label_studio/project/datas2/clean_data/coco2_images/000000139440.jpg,person,366.3109436035156,94.52290344238281,391.9591369628906,148.14573669433594
/data/local-files/?d=Users/Fiary/anaconda3/envs/label_studio/project/datas2/clean_data/coco2_images/000000143370.jpg,toilet,245.19549560546875,408.674072265625,405.398193359375,639.7135009765625
/data/local-files/?d=Users/Fiary/anaconda3/envs/label_studio/project/datas2/clean_data/coco2_images/000000143370.jpg,sink,30.926971435546875,397.6895751953125,221.47216796875,480.0850830078125
/data/local-files/?d=Users/Fiary/anaconda3/envs/label_studio/project/datas2/clean_data/coco2_images/000000143370.jpg,bottle,138.85354614257812,360.128662109375,149.89028930664062,400.6634521484375
/data/local-files/?d=Users/Fiary/anaconda3/envs/label_studio/project/datas2/clean_data/coco2_images/000000143370.jpg,bottle,26.87201690673828,363.4967041015625,49.835105895996094,416.416748046875
/data/local-files/?d=Users/Fiary/anaconda3/envs/label_studio/project/datas2/clean_data/coco2_images/000000145523.jpg,toilet,132.3983154296875,177.28306579589844,354.48529052734375,607.3336181640625
/data/local-files/?d=Users/Fiary/anaconda3/envs/label_studio/project/datas2/clean_data/coco2_images/000000145523.jpg,bottle,273.0252685546875,73.43444061279297,326.2052001953125,200.5633544921875
/data/local-files/?d=Users/Fiary/anaconda3/envs/label_studio/project/datas2/clean_data/coco2_images/000000147042.jpg,sink,249.07009887695312,292.1207275390625,392.3387145996094,342.4981689453125
/data/local-files/?d=Users/Fiary/anaconda3/envs/label_studio/project/datas2/clean_data/coco2_images/000000147042.jpg,sink,252.1716766357422,306.10809326171875,363.27398681640625,342.23699951171875
/data/local-files/?d=Users/Fiary/anaconda3/envs/label_studio/project/datas2/clean_data/coco2_images/000000148766.jpg,vase,309.23846435546875,197.4896697998047,434.09075927734375,387.99993896484375
/data/local-files/?d=Users/Fiary/anaconda3/envs/label_studio/project/datas2/clean_data/coco2_images/000000148766.jpg,vase,151.41604614257812,162.36871337890625,289.52069091796875,357.94464111328125
/data/local-files/?d=Users/Fiary/anaconda3/envs/label_studio/project/datas2/clean_data/coco2_images/000000148766.jpg,toilet,0,91.91764831542969,34.90384292602539,158.1796112060547
/data/local-files/?d=Users/Fiary/anaconda3/envs/label_studio/project/datas2/clean_data/coco2_images/000000148766.jpg,toilet,170.68572998046875,99.0404281616211,206.50457763671875,124.6919174194336
/data/local-files/?d=Users/Fiary/anaconda3/envs/label_studio/project/datas2/clean_data/coco2_images/000000148766.jpg,toilet,18.517852783203125,79.67849731445312,71.90122985839844,138.9478759765625
/data/local-files/?d=Users/Fiary/anaconda3/envs/label_studio/project/datas2/clean_data/coco2_images/000000148766.jpg,vase,425.88629150390625,135.17022705078125,583.053955078125,333.5459289550781
/data/local-files/?d=Users/Fiary/anaconda3/envs/label_studio/project/datas2/clean_data/coco2_images/000000148766.jpg,toilet,33.57286071777344,201.74085998535156,185.09274291992188,354.765869140625
/data/local-files/?d=Users/Fiary/anaconda3/envs/label_studio/project/datas2/clean_data/coco2_images/000000153184.jpg,bird,79.03439331054688,105.05647277832031,160.09432983398438,218.5565948486328
/data/local-files/?d=Users/Fiary/anaconda3/envs/label_studio/project/datas2/clean_data/coco2_images/000000153184.jpg,bird,3.77398681640625,86.97662353515625,638.3427124023438,419.34722900390625
/data/local-files/?d=Users/Fiary/anaconda3/envs/label_studio/project/datas2/clean_data/coco2_images/000000153184.jpg,bird,201.37860107421875,88.74215698242188,300.4902344,206.74685668945312
/data/local-files/?d=Users/Fiary/anaconda3/envs/label_studio/project/datas2/clean_data/coco2_images/000000154324.jpg,toilet,236.25927734375,438.87103271484375,420.87353515625,639.9014282226562
/data/local-files/?d=Users/Fiary/anaconda3/envs/label_studio/project/datas2/clean_data/coco2_images/000000154324.jpg,toilet,235.37811279296875,558.1043701171875,365.1689453,639.7374267578125
/data/local-files/?d=Users/Fiary/anaconda3/envs/label_studio/project/datas2/clean_data/coco2_images/000000155997.jpg,person,0.002132415771484375,107.03125762939453,61.93162155151367,356.63677978515625
/data/local-files/?d=Users/Fiary/anaconda3/envs/label_studio/project/datas2/clean_data/coco2_images/000000155997.jpg,person,52.551177978515625,101.52886962890625,162.33580017089844,475.911376953125
/data/local-files/?d=Users/Fiary/anaconda3/envs/label_studio/project/datas2/clean_data/coco2_images/000000155997.jpg,person,288.6590270996094,136.60940551757812,363.5895080566406,295.62646484375
/data/local-files/?d=Users/Fiary/anaconda3/envs/label_studio/project/datas2/clean_data/coco2_images/000000155997.jpg,person,167.85879516601562,156.52703857421875,241.20480346679688,393.77294921875
/data/local-files/?d=Users/Fiary/anaconda3/envs/label_studio/project/datas2/clean_data/coco2_images/000000155997.jpg,person,361.7132568359375,123.46173095703125,397.4715576171875,157.87063598632812
/data/local-files/?d=Users/Fiary/anaconda3/envs/label_studio/project/datas2/clean_data/coco2_images/000000155997.jpg,person,48.351932525634766,130.9140625,90.93313598632812,256.57708740234375
/data/local-files/?d=Users/Fiary/anaconda3/envs/label_studio/project/datas2/clean_data/coco2_images/000000155997.jpg,person,167.2642059326172,157.0120849609375,235.21983337402344,284.7442626953125
/data/local-files/?d=Users/Fiary/anaconda3/envs/label_studio/project/datas2/clean_data/coco2_images/000000156324.jpg,person,339.64752197265625,127.28887939453125,463.5882568359375,359.702392578125
/data/local-files/?d=Users/Fiary/anaconda3/envs/label_studio/project/datas2/clean_data/coco2_images/000000156324.jpg,sink,0.22347259521484375,423.0164794921875,91.30586242675781,479.6817626953125
/data/local-files/?d=Users/Fiary/anaconda3/envs/label_studio/project/datas2/clean_data/coco2_images/000000156324.jpg,sink,193.025146484375,433.830322265625,565.4207763671875,479.75677490234375
/data/local-files/?d=Users/Fiary/anaconda3/envs/label_studio/project/datas2/clean_data/coco2_images/000000156324.jpg,vase,171.40933227539062,330.73809814453125,202.8714599609375,367.61053466796875
/data/local-files/?d=Users/Fiary/anaconda3/envs/label_studio/project/datas2/clean_data/coco2_images/000000158466.jpg,person,364.5849609,153.90914916992188,459.919677734375,356.8595886230469
/data/local-files/?d=Users/Fiary/anaconda3/envs/label_studio/project/datas2/clean_data/coco2_images/000000162113.jpg,sink,233.95118713378906,228.1204833984375,494.53070068359375,313.37811279296875
/data/local-files/?d=Users/Fiary/anaconda3/envs/label_studio/project/datas2/clean_data/coco2_images/000000162280.jpg,sink,299.35894775390625,356.90081787109375,479.47869873046875,444.53826904296875
/data/local-files/?d=Users/Fiary/anaconda3/envs/label_studio/project/datas2/clean_data/coco2_images/000000162280.jpg,toilet,409.2052001953125,622.433837890625,479.35205078125,639.836669921875
/data/local-files/?d=Users/Fiary/anaconda3/envs/label_studio/project/datas2/clean_data/coco2_images/000000166003.jpg,book,582.5194091796875,351.77716064453125,639.6881103515625,374.93890380859375
/data/local-files/?d=Users/Fiary/anaconda3/envs/label_studio/project/datas2/clean_data/coco2_images/000000172710.jpg,person,304.57940673828125,67.47096252441406,505.89813232421875,451.16510009765625
/data/local-files/?d=Users/Fiary/anaconda3/envs/label_studio/project/datas2/clean_data/coco2_images/000000172710.jpg,person,227.41400146484375,62.96441650390625,511.155029296875,422.73529052734375
/data/local-files/?d=Users/Fiary/anaconda3/envs/label_studio/project/datas2/clean_data/coco2_images/000000172851.jpg,car,610.4941406,407.56146240234375,639.72607421875,423.9017333984375
/data/local-files/?d=Users/Fiary/anaconda3/envs/label_studio/project/datas2/clean_data/coco2_images/000000175024.jpg,person,165.49798583984375,0.326660156,370.95855712890625,371.3996276855469
/data/local-files/?d=Users/Fiary/anaconda3/envs/label_studio/project/datas2/clean_data/coco2_images/000000175942.jpg,car,32.37278366088867,298.8944091796875,145.8430633544922,368.79925537109375
/data/local-files/?d=Users/Fiary/anaconda3/envs/label_studio/project/datas2/clean_data/coco2_images/000000175942.jpg,car,0.07093429565429688,297.8465270996094,40.002864837646484,343.9056091308594
/data/local-files/?d=Users/Fiary/anaconda3/envs/label_studio/project/datas2/clean_data/coco2_images/000000175942.jpg,car,215.1818389892578,313.557861328125,241.9467010498047,332.72613525390625
/data/local-files/?d=Users/Fiary/anaconda3/envs/label_studio/project/datas2/clean_data/coco2_images/000000175942.jpg,car,176.41384887695312,312.05096435546875,200.89724731445312,330.6151123046875
/data/local-files/?d=Users/Fiary/anaconda3/envs/label_studio/project/datas2/clean_data/coco2_images/000000175948.jpg,toilet,185.78713989257812,312.48516845703125,275.35382080078125,437.06805419921875
/data/local-files/?d=Users/Fiary/anaconda3/envs/label_studio/project/datas2/clean_data/coco2_images/000000175948.jpg,toilet,161.58432006835938,170.50091552734375,277.7570495605469,441.06610107421875
/data/local-files/?d=Users/Fiary/anaconda3/envs/label_studio/project/datas2/clean_data/coco2_images/000000175954.jpg,tv,81.01170349121094,108.38394165039062,252.7244110107422,243.38107299804688
/data/local-files/?d=Users/Fiary/anaconda3/envs/label_studio/project/datas2/clean_data/coco2_images/000000176828.jpg,airplane,58.36335754394531,123.339599609375,563.1561889648438,344.83892822265625
/data/local-files/?d=Users/Fiary/anaconda3/envs/label_studio/project/datas2/clean_data/coco2_images/000000178761.jpg,dog,357.559814453125,120.61590576171875,639.8975830078125,508.7022705078125
/data/local-files/?d=Users/Fiary/anaconda3/envs/label_studio/project/datas2/clean_data/coco2_images/000000181586.jpg,cat,0.625274658203125,127.70269775390625,386.9395446777344,439.598388671875
/data/local-files/?d=Users/Fiary/anaconda3/envs/label_studio/project/datas2/clean_data/coco2_images/000000186697.jpg,person,273.48077392578125,266.34033203125,326.43084716796875,402.03277587890625
/data/local-files/?d=Users/Fiary/anaconda3/envs/label_studio/project/datas2/clean_data/coco2_images/000000186697.jpg,person,274.638427734375,266.5950927734375,326.0184326171875,331.7779541015625
/data/local-files/?d=Users/Fiary/anaconda3/envs/label_studio/project/datas2/clean_data/coco2_images/000000193622.jpg,person,20.054290771484375,55.44395446777344,478.4272155761719,538.408447265625
/data/local-files/?d=Users/Fiary/anaconda3/envs/label_studio/project/datas2/clean_data/coco2_images/000000193680.jpg,cat,66.47760009765625,128.14666748046875,521.843505859375,285.20330810546875
/data/local-files/?d=Users/Fiary/anaconda3/envs/label_studio/project/datas2/clean_data/coco2_images/000000196047.jpg,sink,251.1854705810547,197.04345703125,492.16754150390625,259.015625
/data/local-files/?d=Users/Fiary/anaconda3/envs/label_studio/project/datas2/clean_data/coco2_images/000000199951.jpg,motorcycle,312.34234619140625,232.56866455078125,402.40008544921875,285.1322021484375
/data/local-files/?d=Users/Fiary/anaconda3/envs/label_studio/project/datas2/clean_data/coco2_images/000000202658.jpg,toilet,10.025909423828125,268.0775146484375,276.4355469,591.7197266
/data/local-files/?d=Users/Fiary/anaconda3/envs/label_studio/project/datas2/clean_data/coco2_images/000000202658.jpg,toilet,10.760986328125,85.13476563,384.365966796875,630.5489501953125
/data/local-files/?d=Users/Fiary/anaconda3/envs/label_studio/project/datas2/clean_data/coco2_images/000000202658.jpg,toilet,31.534759521484375,84.807373046875,382.3553771972656,474.68218994140625
/data/local-files/?d=Users/Fiary/anaconda3/envs/label_studio/project/datas2/clean_data/coco2_images/000000202913.jpg,cake,7.7867431640625,71.40103149414062,512.9395751953125,377.54034423828125
/data/local-files/?d=Users/Fiary/anaconda3/envs/label_studio/project/datas2/clean_data/coco2_images/000000205570.jpg,person,213.2781982421875,0,633.677978515625,210.0449219
/data/local-files/?d=Users/Fiary/anaconda3/envs/label_studio/project/datas2/clean_data/coco2_images/000000205570.jpg,person,379.3372802734375,0.35760498046875,639.739990234375,271.493408203125
/data/local-files/?d=Users/Fiary/anaconda3/envs/label_studio/project/datas2/clean_data/coco2_images/000000205570.jpg,person,456.3801574707031,402.67791748046875,639.4814453,479.76788330078125
/data/local-files/?d=Users/Fiary/anaconda3/envs/label_studio/project/datas2/clean_data/coco2_images/000000205570.jpg,person,451.66729736328125,144.978759765625,639.5867309570312,479.8261719
/data/local-files/?d=Users/Fiary/anaconda3/envs/label_studio/project/datas2/clean_data/coco2_images/000000205577.jpg,sink,166.93045043945312,286.375244140625,330.89105224609375,324.97052001953125
/data/local-files/?d=Users/Fiary/anaconda3/envs/label_studio/project/datas2/clean_data/coco2_images/000000205577.jpg,sink,165.99658203125,296.3323669433594,249.4884033203125,325.0856628417969
/data/local-files/?d=Users/Fiary/anaconda3/envs/label_studio/project/datas2/clean_data/coco2_images/000000207652.jpg,motorcycle,289.1104736328125,18.66503906,639.4189453,379.1470642089844
/data/local-files/?d=Users/Fiary/anaconda3/envs/label_studio/project/datas2/clean_data/coco2_images/000000207652.jpg,motorcycle,15.56829833984375,97.843994140625,473.0895080566406,421.12091064453125
/data/local-files/?d=Users/Fiary/anaconda3/envs/label_studio/project/datas2/clean_data/coco2_images/000000207652.jpg,motorcycle,546.6444091796875,136.15362548828125,639.7291259765625,251.98822021484375
/data/local-files/?d=Users/Fiary/anaconda3/envs/label_studio/project/datas2/clean_data/coco2_images/000000208408.jpg,person,74.46067810058594,218.2393341064453,168.08099365234375,396.46075439453125
/data/local-files/?d=Users/Fiary/anaconda3/envs/label_studio/project/datas2/clean_data/coco2_images/000000211491.jpg,person,94.28060913085938,128.6181182861328,323.16748046875,404.51263427734375
/data/local-files/?d=Users/Fiary/anaconda3/envs/label_studio/project/datas2/clean_data/coco2_images/000000211491.jpg,person,77.97465515136719,227.86053466796875,93.23374938964844,265.44708251953125
/data/local-files/?d=Users/Fiary/anaconda3/envs/label_studio/project/datas2/clean_data/coco2_images/000000211491.jpg,car,7.6184892654418945,225.74478149414062,35.56431198120117,248.85342407226562
/data/local-files/?d=Users/Fiary/anaconda3/envs/label_studio/project/datas2/clean_data/coco2_images/000000211491.jpg,car,1.2790908813476562,234.7086181640625,43.223045349121094,269.7841797
/data/local-files/?d=Users/Fiary/anaconda3/envs/label_studio/project/datas2/clean_data/coco2_images/000000214274.jpg,person,118.7305908203125,64.19577026367188,314.5166016,395.2070617675781
/data/local-files/?d=Users/Fiary/anaconda3/envs/label_studio/project/datas2/clean_data/coco2_images/000000214274.jpg,person,347.2456970214844,132.13494873046875,473.8990783691406,375.689697265625
/data/local-files/?d=Users/Fiary/anaconda3/envs/label_studio/project/datas2/clean_data/coco2_images/000000220255.jpg,airplane,10.75177001953125,67.82189178466797,537.6146240234375,285.1536865234375
/data/local-files/?d=Users/Fiary/anaconda3/envs/label_studio/project/datas2/clean_data/coco2_images/000000220255.jpg,airplane,261.83343505859375,146.33685302734375,365.07257080078125,180.053955078125
/data/local-files/?d=Users/Fiary/anaconda3/envs/label_studio/project/datas2/clean_data/coco2_images/000000220704.jpg,sink,0,211.65882873535156,73.44670104980469,224.9750518798828
/data/local-files/?d=Users/Fiary/anaconda3/envs/label_studio/project/datas2/clean_data/coco2_images/000000226419.jpg,airplane,53.8104248046875,40.60748291015625,619.174560546875,317.666259765625
/data/local-files/?d=Users/Fiary/anaconda3/envs/label_studio/project/datas2/clean_data/coco2_images/000000230600.jpg,toilet,144.77792358398438,322.77703857421875,265.07391357421875,556.0902709960938
/data/local-files/?d=Users/Fiary/anaconda3/envs/label_studio/project/datas2/clean_data/coco2_images/000000230610.jpg,sink,212.09124755859375,365.10614013671875,352.538330078125,425.42877197265625
/data/local-files/?d=Users/Fiary/anaconda3/envs/label_studio/project/datas2/clean_data/coco2_images/000000230610.jpg,sink,211.99560546875,363.5819091796875,352.8282470703125,572.098876953125
/data/local-files/?d=Users/Fiary/anaconda3/envs/label_studio/project/datas2/clean_data/coco2_images/000000230610.jpg,cat,391.44287109375,379.4656982421875,479.79339599609375,639.3898315429688
/data/local-files/?d=Users/Fiary/anaconda3/envs/label_studio/project/datas2/clean_data/coco2_images/000000231236.jpg,sink,173.34820556640625,214.116943359375,253.99325561523438,255.70025634765625
/data/local-files/?d=Users/Fiary/anaconda3/envs/label_studio/project/datas2/clean_data/coco2_images/000000231236.jpg,toilet,337.78472900390625,270.3313293457031,381.03790283203125,345.1542663574219
/data/local-files/?d=Users/Fiary/anaconda3/envs/label_studio/project/datas2/clean_data/coco2_images/000000231846.jpg,cat,56.363525390625,36.18524169921875,477.399169921875,422.5210876464844
/data/local-files/?d=Users/Fiary/anaconda3/envs/label_studio/project/datas2/clean_data/coco2_images/000000231846.jpg,sink,20.45672607421875,222.8273468017578,639.3121948242188,421.27069091796875
/data/local-files/?d=Users/Fiary/anaconda3/envs/label_studio/project/datas2/clean_data/coco2_images/000000231846.jpg,sink,307.4023438,225.03890991210938,639.484619140625,421.1559753417969
/data/local-files/?d=Users/Fiary/anaconda3/envs/label_studio/project/datas2/clean_data/coco2_images/000000232223.jpg,airplane,95.55957031,88.82037353515625,415.191162109375,432.8372802734375
/data/local-files/?d=Users/Fiary/anaconda3/envs/label_studio/project/datas2/clean_data/coco2_images/000000236148.jpg,person,126.43555450439453,17.995723724365234,246.73797607421875,130.32723999023438
/data/local-files/?d=Users/Fiary/anaconda3/envs/label_studio/project/datas2/clean_data/coco2_images/000000236535.jpg,airplane,92.21131896972656,175.45645141601562,514.298583984375,301.9215087890625
/data/local-files/?d=Users/Fiary/anaconda3/envs/label_studio/project/datas2/clean_data/coco2_images/000000237920.jpg,chair,459.37744140625,227.45318603515625,515.0421142578125,307.39544677734375
/data/local-files/?d=Users/Fiary/anaconda3/envs/label_studio/project/datas2/clean_data/coco2_images/000000237920.jpg,chair,530.0855712890625,209.5457763671875,568.5648193359375,262.77398681640625
/data/local-files/?d=Users/Fiary/anaconda3/envs/label_studio/project/datas2/clean_data/coco2_images/000000237920.jpg,chair,561.30615234375,201.5552978515625,591.255126953125,244.66766357421875
/data/local-files/?d=Users/Fiary/anaconda3/envs/label_studio/project/datas2/clean_data/coco2_images/000000239252.jpg,bottle,372.39111328125,217.9881134033203,425,364.53155517578125
/data/local-files/?d=Users/Fiary/anaconda3/envs/label_studio/project/datas2/clean_data/coco2_images/000000239985.jpg,car,0.067718505859375,112.3658218383789,190.09637451171875,225.44223022460938
/data/local-files/?d=Users/Fiary/anaconda3/envs/label_studio/project/datas2/clean_data/coco2_images/000000239985.jpg,car,281.402099609375,88.68549346923828,639.588134765625,287.91534423828125
/data/local-files/?d=Users/Fiary/anaconda3/envs/label_studio/project/datas2/clean_data/coco2_images/000000239985.jpg,car,0.0794677734375,238.77401733398438,132.58155822753906,422.7560729980469
/data/local-files/?d=Users/Fiary/anaconda3/envs/label_studio/project/datas2/clean_data/coco2_images/000000239985.jpg,car,396.7557373046875,90.9103012084961,639.6541748046875,285.4270935058594
/data/local-files/?d=Users/Fiary/anaconda3/envs/label_studio/project/datas2/clean_data/coco2_images/000000239985.jpg,car,0.4864501953125,110.04922485351562,295.95159912109375,222.79293823242188
/data/local-files/?d=Users/Fiary/anaconda3/envs/label_studio/project/datas2/clean_data/coco2_images/000000239985.jpg,car,107.98220825195312,121.30683898925781,301.455810546875,200.84999084472656
/data/local-files/?d=Users/Fiary/anaconda3/envs/label_studio/project/datas2/clean_data/coco2_images/000000242363.jpg,toilet,304.78741455078125,272.76300048828125,443.11383056640625,464.50921630859375
/data/local-files/?d=Users/Fiary/anaconda3/envs/label_studio/project/datas2/clean_data/coco2_images/000000242363.jpg,sink,32.22010803222656,286.20172119140625,193.74815368652344,324.40264892578125
/data/local-files/?d=Users/Fiary/anaconda3/envs/label_studio/project/datas2/clean_data/coco2_images/000000249352.jpg,toilet,115.98553466796875,209.3853759765625,277.9093933105469,590.0976563
/data/local-files/?d=Users/Fiary/anaconda3/envs/label_studio/project/datas2/clean_data/coco2_images/000000249352.jpg,toilet,116.51477813720703,339.66046142578125,278.57342529296875,587.2077026367188
/data/local-files/?d=Users/Fiary/anaconda3/envs/label_studio/project/datas2/clean_data/coco2_images/000000249371.jpg,sheep,369.29913330078125,299.3089599609375,399.88153076171875,321.129638671875
/data/local-files/?d=Users/Fiary/anaconda3/envs/label_studio/project/datas2/clean_data/coco2_images/000000249371.jpg,sheep,317.119873046875,299.338134765625,341.7562255859375,319.2869873046875
/data/local-files/?d=Users/Fiary/anaconda3/envs/label_studio/project/datas2/clean_data/coco2_images/000000249371.jpg,sheep,326.435791015625,266.68426513671875,343.40740966796875,287.73199462890625
/data/local-files/?d=Users/Fiary/anaconda3/envs/label_studio/project/datas2/clean_data/coco2_images/000000249371.jpg,sheep,250.202392578125,296.32684326171875,268.8358154296875,319.40118408203125
/data/local-files/?d=Users/Fiary/anaconda3/envs/label_studio/project/datas2/clean_data/coco2_images/000000249371.jpg,sheep,293.1959228515625,320.81854248046875,323.88134765625,347.09466552734375
/data/local-files/?d=Users/Fiary/anaconda3/envs/label_studio/project/datas2/clean_data/coco2_images/000000249371.jpg,sheep,79.19692993164062,305.6849365234375,102.43724060058594,328.66192626953125
/data/local-files/?d=Users/Fiary/anaconda3/envs/label_studio/project/datas2/clean_data/coco2_images/000000249371.jpg,sheep,155.75161743164062,276.3467102050781,173.4207763671875,295.1273498535156
/data/local-files/?d=Users/Fiary/anaconda3/envs/label_studio/project/datas2/clean_data/coco2_images/000000249371.jpg,sheep,125.77306365966797,279.441162109375,146.8398438,294.521240234375
/data/local-files/?d=Users/Fiary/anaconda3/envs/label_studio/project/datas2/clean_data/coco2_images/000000249371.jpg,sheep,76.8128662109375,277.40509033203125,100.79541015625,294.38922119140625
/data/local-files/?d=Users/Fiary/anaconda3/envs/label_studio/project/datas2/clean_data/coco2_images/000000249371.jpg,sheep,50.620643615722656,262.81903076171875,68.5653305053711,281.15228271484375
/data/local-files/?d=Users/Fiary/anaconda3/envs/label_studio/project/datas2/clean_data/coco2_images/000000249371.jpg,sheep,132.9647979736328,222.05712890625,148.3495635986328,232.084716796875
/data/local-files/?d=Users/Fiary/anaconda3/envs/label_studio/project/datas2/clean_data/coco2_images/000000249371.jpg,sheep,172.61077880859375,237.598388671875,190.52069091796875,252.1982422
/data/local-files/?d=Users/Fiary/anaconda3/envs/label_studio/project/datas2/clean_data/coco2_images/000000249371.jpg,sheep,125.79077911376953,265.02618408203125,144.5968017578125,280.67828369140625
/data/local-files/?d=Users/Fiary/anaconda3/envs/label_studio/project/datas2/clean_data/coco2_images/000000249371.jpg,sheep,224.5506591796875,243.9805908203125,242.90194702148438,256.07598876953125
/data/local-files/?d=Users/Fiary/anaconda3/envs/label_studio/project/datas2/clean_data/coco2_images/000000249371.jpg,sheep,366.9675598144531,219.20126342773438,381.4684143066406,229.21493530273438
/data/local-files/?d=Users/Fiary/anaconda3/envs/label_studio/project/datas2/clean_data/coco2_images/000000249371.jpg,sheep,485.1519775390625,229.7949219,500.0389404296875,240.80999755859375
/data/local-files/?d=Users/Fiary/anaconda3/envs/label_studio/project/datas2/clean_data/coco2_images/000000249371.jpg,sheep,573.1756591796875,227.55926513671875,586.7789306640625,237.4259033203125
/data/local-files/?d=Users/Fiary/anaconda3/envs/label_studio/project/datas2/clean_data/coco2_images/000000249371.jpg,sheep,386.67510986328125,222.40240478515625,401.40203857421875,235.28302001953125
/data/local-files/?d=Users/Fiary/anaconda3/envs/label_studio/project/datas2/clean_data/coco2_images/000000249371.jpg,sheep,76.8026351928711,243.3702392578125,93.9166030883789,254.4197998046875
/data/local-files/?d=Users/Fiary/anaconda3/envs/label_studio/project/datas2/clean_data/coco2_images/000000249371.jpg,sheep,0.09526824951171875,218.4163818359375,13.218199729919434,231.14056396484375
/data/local-files/?d=Users/Fiary/anaconda3/envs/label_studio/project/datas2/clean_data/coco2_images/000000249371.jpg,sheep,435.5328674316406,229.36038208007812,450.6681823730469,238.24383544921875
/data/local-files/?d=Users/Fiary/anaconda3/envs/label_studio/project/datas2/clean_data/coco2_images/000000249371.jpg,sheep,204.04098510742188,241.43621826171875,225.41006469726562,256.0125732421875
/data/local-files/?d=Users/Fiary/anaconda3/envs/label_studio/project/datas2/clean_data/coco2_images/000000249371.jpg,sheep,187.3876953,237.5203399658203,207.1365966796875,253.3058624267578
/data/local-files/?d=Users/Fiary/anaconda3/envs/label_studio/project/datas2/clean_data/coco2_images/000000251075.jpg,toilet,0.128417969,460.2497253417969,111.39674377441406,602.0351563
/data/local-files/?d=Users/Fiary/anaconda3/envs/label_studio/project/datas2/clean_data/coco2_images/000000251075.jpg,sink,241.0465087890625,415.5010681152344,397.6077880859375,452.5580749511719
/data/local-files/?d=Users/Fiary/anaconda3/envs/label_studio/project/datas2/clean_data/coco2_images/000000251639.jpg,cat,101.2246094,243.5781707763672,271.9712829589844,454.95416259765625
/data/local-files/?d=Users/Fiary/anaconda3/envs/label_studio/project/datas2/clean_data/coco2_images/000000260409.jpg,person,213.31700134277344,213.85211181640625,331.956787109375,476.0279541015625
/data/local-files/?d=Users/Fiary/anaconda3/envs/label_studio/project/datas2/clean_data/coco2_images/000000260627.jpg,person,527.570556640625,265.99993896484375,547.3398438,308.96624755859375
/data/local-files/?d=Users/Fiary/anaconda3/envs/label_studio/project/datas2/clean_data/coco2_images/000000262514.jpg,toilet,73.15776824951172,295.98272705078125,306.35888671875,479.71356201171875
/data/local-files/?d=Users/Fiary/anaconda3/envs/label_studio/project/datas2/clean_data/coco2_images/000000262514.jpg,person,462.30828857421875,0,569.9254760742188,149.63150024414062
/data/local-files/?d=Users/Fiary/anaconda3/envs/label_studio/project/datas2/clean_data/coco2_images/000000262514.jpg,person,460.16766357421875,0.336273193359375,574.5303344726562,323.3569641113281
/data/local-files/?d=Users/Fiary/anaconda3/envs/label_studio/project/datas2/clean_data/coco2_images/000000262514.jpg,person,399.14910888671875,0,445.43170166015625,63.73682403564453
/data/local-files/?d=Users/Fiary/anaconda3/envs/label_studio/project/datas2/clean_data/coco2_images/000000262594.jpg,person,0.548370361328125,1.41265869140625,143.2562255859375,251.91900634765625
/data/local-files/?d=Users/Fiary/anaconda3/envs/label_studio/project/datas2/clean_data/coco2_images/000000262594.jpg,person,489.9698791503906,1.9346923828125,639.9078369140625,296.77813720703125
/data/local-files/?d=Users/Fiary/anaconda3/envs/label_studio/project/datas2/clean_data/coco2_images/000000262594.jpg,person,486.36627197265625,1.6589584350585938,532.875732421875,111.0814208984375
/data/local-files/?d=Users/Fiary/anaconda3/envs/label_studio/project/datas2/clean_data/coco2_images/000000262594.jpg,person,349.093017578125,1.1998939514160156,453.8822021484375,123.97433471679688
/data/local-files/?d=Users/Fiary/anaconda3/envs/label_studio/project/datas2/clean_data/coco2_images/000000262594.jpg,person,165.86212158203125,1.2348785400390625,355.079345703125,161.59747314453125
/data/local-files/?d=Users/Fiary/anaconda3/envs/label_studio/project/datas2/clean_data/coco2_images/000000262594.jpg,person,163.69424438476562,1.37969970703125,360.4401550292969,254.27072143554688
/data/local-files/?d=Users/Fiary/anaconda3/envs/label_studio/project/datas2/clean_data/coco2_images/000000263664.jpg,person,456.93756103515625,246.95452880859375,639.5487670898438,479.70941162109375
/data/local-files/?d=Users/Fiary/anaconda3/envs/label_studio/project/datas2/clean_data/coco2_images/000000263664.jpg,person,477.5479431152344,233.00531005859375,556.7530517578125,426.23504638671875
/data/local-files/?d=Users/Fiary/anaconda3/envs/label_studio/project/datas2/clean_data/coco2_images/000000263664.jpg,person,463.5576172,233.21240234375,557.6094360351562,477.68072509765625
/data/local-files/?d=Users/Fiary/anaconda3/envs/label_studio/project/datas2/clean_data/coco2_images/000000264461.jpg,toilet,144.4146728515625,350.27142333984375,284.62786865234375,478
/data/local-files/?d=Users/Fiary/anaconda3/envs/label_studio/project/datas2/clean_data/coco2_images/000000264461.jpg,toilet,406.3652344,5.731689453,591.5015869140625,460.21331787109375
/data/local-files/?d=Users/Fiary/anaconda3/envs/label_studio/project/datas2/clean_data/coco2_images/000000264461.jpg,toilet,405.89794921875,177.22991943359375,524.66064453125,460.87127685546875
/data/local-files/?d=Users/Fiary/anaconda3/envs/label_studio/project/datas2/clean_data/coco2_images/000000264599.jpg,person,0,249.75332641601562,79.27874755859375,453.9532165527344
/data/local-files/?d=Users/Fiary/anaconda3/envs/label_studio/project/datas2/clean_data/coco2_images/000000264599.jpg,person,491.9219970703125,249.78564453125,517.9443359,333.8759766
/data/local-files/?d=Users/Fiary/anaconda3/envs/label_studio/project/datas2/clean_data/coco2_images/000000264599.jpg,person,552.742919921875,254.80740356445312,585.035888671875,340.1264343261719
/data/local-files/?d=Users/Fiary/anaconda3/envs/label_studio/project/datas2/clean_data/coco2_images/000000264599.jpg,person,251.6365203857422,254.84410095214844,272.88629150390625,315.127685546875
/data/local-files/?d=Users/Fiary/anaconda3/envs/label_studio/project/datas2/clean_data/coco2_images/000000264599.jpg,person,516.598388671875,257.51971435546875,549.6357422,340.58551025390625
/data/local-files/?d=Users/Fiary/anaconda3/envs/label_studio/project/datas2/clean_data/coco2_images/000000264599.jpg,person,463.7415771484375,257.6471862792969,481.85003662109375,307.8595275878906
/data/local-files/?d=Users/Fiary/anaconda3/envs/label_studio/project/datas2/clean_data/coco2_images/000000267802.jpg,person,0.048786163330078125,246.03143310546875,51.62718200683594,396.54876708984375
/data/local-files/?d=Users/Fiary/anaconda3/envs/label_studio/project/datas2/clean_data/coco2_images/000000267802.jpg,person,67.11526489257812,248.16522216796875,153.22030639648438,389.27288818359375
/data/local-files/?d=Users/Fiary/anaconda3/envs/label_studio/project/datas2/clean_data/coco2_images/000000267802.jpg,person,247.1812744140625,250.35586547851562,305.98809814453125,355.2279357910156
/data/local-files/?d=Users/Fiary/anaconda3/envs/label_studio/project/datas2/clean_data/coco2_images/000000267802.jpg,person,207.99232482910156,253.4197998046875,230.3424835205078,331.3564453
/data/local-files/?d=Users/Fiary/anaconda3/envs/label_studio/project/datas2/clean_data/coco2_images/000000267802.jpg,person,452.9288330078125,254.8614501953125,495.841064453125,336.0909423828125
/data/local-files/?d=Users/Fiary/anaconda3/envs/label_studio/project/datas2/clean_data/coco2_images/000000267802.jpg,person,599.11279296875,262.7510986328125,631.7147216796875,318.7728271484375
/data/local-files/?d=Users/Fiary/anaconda3/envs/label_studio/project/datas2/clean_data/coco2_images/000000267802.jpg,person,426.0473937988281,249.76043701171875,447.5453186035156,313.36431884765625
/data/local-files/?d=Users/Fiary/anaconda3/envs/label_studio/project/datas2/clean_data/coco2_images/000000267802.jpg,person,224.19973754882812,247.44647216796875,260.72149658203125,326.20709228515625
/data/local-files/?d=Users/Fiary/anaconda3/envs/label_studio/project/datas2/clean_data/coco2_images/000000267802.jpg,person,529.1548461914062,257.9791259765625,562.7249145507812,313.7606201171875
/data/local-files/?d=Users/Fiary/anaconda3/envs/label_studio/project/datas2/clean_data/coco2_images/000000267802.jpg,person,447.5753479003906,252.4788818359375,463.4424133300781,285.4549560546875
/data/local-files/?d=Users/Fiary/anaconda3/envs/label_studio/project/datas2/clean_data/coco2_images/000000267802.jpg,person,290.102294921875,246.25216674804688,309.7633056640625,288.3544006347656
/data/local-files/?d=Users/Fiary/anaconda3/envs/label_studio/project/datas2/clean_data/coco2_images/000000267802.jpg,person,277.9388732910156,246.69732666015625,302.9882507324219,288.23297119140625
/data/local-files/?d=Users/Fiary/anaconda3/envs/label_studio/project/datas2/clean_data/coco2_images/000000267802.jpg,person,488.31268310546875,257.1152038574219,513.8153686523438,284.7694396972656
/data/local-files/?d=Users/Fiary/anaconda3/envs/label_studio/project/datas2/clean_data/coco2_images/000000267802.jpg,person,521.724365234375,257.38153076171875,558.21923828125,314.02252197265625
/data/local-files/?d=Users/Fiary/anaconda3/envs/label_studio/project/datas2/clean_data/coco2_images/000000267862.jpg,person,498.14141845703125,118.3315200805664,637.9248657226562,328.8536682128906
/data/local-files/?d=Users/Fiary/anaconda3/envs/label_studio/project/datas2/clean_data/coco2_images/000000267862.jpg,person,216.3550567626953,111.78689575195312,329.92449951171875,332.6343994140625
/data/local-files/?d=Users/Fiary/anaconda3/envs/label_studio/project/datas2/clean_data/coco2_images/000000267862.jpg,person,290.6452331542969,113.45050811767578,374.2561340332031,327.9129638671875
/data/local-files/?d=Users/Fiary/anaconda3/envs/label_studio/project/datas2/clean_data/coco2_images/000000268224.jpg,person,397.799560546875,42.8839111328125,640,478.50628662109375
/data/local-files/?d=Users/Fiary/anaconda3/envs/label_studio/project/datas2/clean_data/coco2_images/000000268224.jpg,person,167.8144531,78.81903076171875,435.3486328,479.0644531
/data/local-files/?d=Users/Fiary/anaconda3/envs/label_studio/project/datas2/clean_data/coco2_images/000000268224.jpg,person,367.5125732421875,2.1092529296875,462.29852294921875,208.8696746826172
/data/local-files/?d=Users/Fiary/anaconda3/envs/label_studio/project/datas2/clean_data/coco2_images/000000271206.jpg,sink,144.05899047851562,390.635498046875,296.80712890625,458.406494140625
/data/local-files/?d=Users/Fiary/anaconda3/envs/label_studio/project/datas2/clean_data/coco2_images/000000272015.jpg,car,23.408859252929688,80.59642028808594,132.8810272216797,128.2098846435547
/data/local-files/?d=Users/Fiary/anaconda3/envs/label_studio/project/datas2/clean_data/coco2_images/000000272015.jpg,car,268.15106201171875,78.87825012207031,338.95013427734375,116.17161560058594
/data/local-files/?d=Users/Fiary/anaconda3/envs/label_studio/project/datas2/clean_data/coco2_images/000000272015.jpg,car,105.46539306640625,72.483642578125,166.85736083984375,111.16650390625
/data/local-files/?d=Users/Fiary/anaconda3/envs/label_studio/project/datas2/clean_data/coco2_images/000000272015.jpg,car,0.07537078857421875,72.28498840332031,42.87373352050781,107.60346984863281
/data/local-files/?d=Users/Fiary/anaconda3/envs/label_studio/project/datas2/clean_data/coco2_images/000000272015.jpg,car,350.35882568359375,77.67634582519531,396.87921142578125,107.39266967773438
/data/local-files/?d=Users/Fiary/anaconda3/envs/label_studio/project/datas2/clean_data/coco2_images/000000272015.jpg,car,317.40167236328125,80.09864807128906,368.28778076171875,113.54576110839844
/data/local-files/?d=Users/Fiary/anaconda3/envs/label_studio/project/datas2/clean_data/coco2_images/000000272015.jpg,car,409.7799072265625,84.2630615234375,438.891357421875,107.43170166015625
/data/local-files/?d=Users/Fiary/anaconda3/envs/label_studio/project/datas2/clean_data/coco2_images/000000272015.jpg,car,469.50152587890625,67.12413024902344,479.74566650390625,82.31965637207031
/data/local-files/?d=Users/Fiary/anaconda3/envs/label_studio/project/datas2/clean_data/coco2_images/000000272015.jpg,car,381.21453857421875,68.43162536621094,410.11639404296875,79.52354431152344
/data/local-files/?d=Users/Fiary/anaconda3/envs/label_studio/project/datas2/clean_data/coco2_images/000000272015.jpg,car,163.74160766601562,85.61981201171875,208.47030639648438,109.29998779296875
/data/local-files/?d=Users/Fiary/anaconda3/envs/label_studio/project/datas2/clean_data/coco2_images/000000272015.jpg,car,162.760009765625,84.46488952636719,194.40106201171875,108.84410095214844
/data/local-files/?d=Users/Fiary/anaconda3/envs/label_studio/project/datas2/clean_data/coco2_images/000000278237.jpg,car,100.66766357421875,242.68875122070312,518.0079956054688,418.3362121582031
/data/local-files/?d=Users/Fiary/anaconda3/envs/label_studio/project/datas2/clean_data/coco2_images/000000278237.jpg,car,0.1675567626953125,206.47967529296875,174.8007049560547,335.91943359375
/data/local-files/?d=Users/Fiary/anaconda3/envs/label_studio/project/datas2/clean_data/coco2_images/000000279343.jpg,airplane,39.1971549987793,2.036447525024414,598.864013671875,313.9541320800781
/data/local-files/?d=Users/Fiary/anaconda3/envs/label_studio/project/datas2/clean_data/coco2_images/000000279343.jpg,airplane,37.66776657104492,210.47023010253906,600,357.6327209472656
/data/local-files/?d=Users/Fiary/anaconda3/envs/label_studio/project/datas2/clean_data/coco2_images/000000279343.jpg,airplane,1.590957522392273,178.45272827148438,84.94417572021484,271.51416015625
/data/local-files/?d=Users/Fiary/anaconda3/envs/label_studio/project/datas2/clean_data/coco2_images/000000279343.jpg,airplane,21.79652976989746,142.33116149902344,181.3889617919922,272.3211975097656
/data/local-files/?d=Users/Fiary/anaconda3/envs/label_studio/project/datas2/clean_data/coco2_images/000000279806.jpg,person,240.19200134277344,45.047271728515625,441.9459228515625,195.89895629882812
/data/local-files/?d=Users/Fiary/anaconda3/envs/label_studio/project/datas2/clean_data/coco2_images/000000281950.jpg,toilet,379.588623046875,317.8013610839844,489.5149841308594,451.6790466308594
/data/local-files/?d=Users/Fiary/anaconda3/envs/label_studio/project/datas2/clean_data/coco2_images/000000282346.jpg,person,276.9342041015625,0,507.40673828125,275.12255859375
/data/local-files/?d=Users/Fiary/anaconda3/envs/label_studio/project/datas2/clean_data/coco2_images/000000283910.jpg,sheep,443.6177978515625,117.7783203,550.7636108398438,189.96395874023438
/data/local-files/?d=Users/Fiary/anaconda3/envs/label_studio/project/datas2/clean_data/coco2_images/000000283910.jpg,sheep,201.90603637695312,127.05963134765625,287.4189453,242.2076416015625
/data/local-files/?d=Users/Fiary/anaconda3/envs/label_studio/project/datas2/clean_data/coco2_images/000000283910.jpg,sheep,390.057373046875,142.25460815429688,483.66070556640625,203.7607422
/data/local-files/?d=Users/Fiary/anaconda3/envs/label_studio/project/datas2/clean_data/coco2_images/000000283910.jpg,sheep,398.9866027832031,88.08204650878906,468.2786560058594,144.20945739746094
/data/local-files/?d=Users/Fiary/anaconda3/envs/label_studio/project/datas2/clean_data/coco2_images/000000283910.jpg,sheep,538.968994140625,87.52277374267578,638.957763671875,175.21490478515625
/data/local-files/?d=Users/Fiary/anaconda3/envs/label_studio/project/datas2/clean_data/coco2_images/000000283910.jpg,sheep,322.1226806640625,118.24334716796875,408.95263671875,165.31817626953125
/data/local-files/?d=Users/Fiary/anaconda3/envs/label_studio/project/datas2/clean_data/coco2_images/000000283910.jpg,sheep,586.6339111328125,137.9277344,639.8433837890625,186.62088012695312
/data/local-files/?d=Users/Fiary/anaconda3/envs/label_studio/project/datas2/clean_data/coco2_images/000000283910.jpg,sheep,284.3744812011719,81.06227111816406,327.3563537597656,144.3622589111328
/data/local-files/?d=Users/Fiary/anaconda3/envs/label_studio/project/datas2/clean_data/coco2_images/000000283910.jpg,sheep,309.09393310546875,85.66958618164062,393.47418212890625,147.31622314453125
/data/local-files/?d=Users/Fiary/anaconda3/envs/label_studio/project/datas2/clean_data/coco2_images/000000283910.jpg,sheep,596.0062255859375,82.35787963867188,639.823974609375,126.61834716796875
/data/local-files/?d=Users/Fiary/anaconda3/envs/label_studio/project/datas2/clean_data/coco2_images/000000285421.jpg,cat,0,246.8993377685547,306.62518310546875,405.85467529296875
/data/local-files/?d=Users/Fiary/anaconda3/envs/label_studio/project/datas2/clean_data/coco2_images/000000285421.jpg,toilet,121.60379028320312,1.0203857421875,381.1147155761719,480.41748046875
/data/local-files/?d=Users/Fiary/anaconda3/envs/label_studio/project/datas2/clean_data/coco2_images/000000288639.jpg,cat,108.8023681640625,164.27978515625,579.4974365234375,431.337158203125
/data/local-files/?d=Users/Fiary/anaconda3/envs/label_studio/project/datas2/clean_data/coco2_images/000000288639.jpg,cat,0,112.8114242553711,202.35267639160156,231.45944213867188
/data/local-files/?d=Users/Fiary/anaconda3/envs/label_studio/project/datas2/clean_data/coco2_images/000000288639.jpg,sink,1.029510498046875,350.91937255859375,403.3012390136719,479.68914794921875
/data/local-files/?d=Users/Fiary/anaconda3/envs/label_studio/project/datas2/clean_data/coco2_images/000000293153.jpg,airplane,302.173583984375,197.16693115234375,386.66650390625,223.2344970703125
/data/local-files/?d=Users/Fiary/anaconda3/envs/label_studio/project/datas2/clean_data/coco2_images/000000294832.jpg,toilet,0.1118927001953125,260.24871826171875,155.1399688720703,427.811767578125
/data/local-files/?d=Users/Fiary/anaconda3/envs/label_studio/project/datas2/clean_data/coco2_images/000000294832.jpg,sink,90.74951172,209.53768920898438,236.35009765625,255.95797729492188
/data/local-files/?d=Users/Fiary/anaconda3/envs/label_studio/project/datas2/clean_data/coco2_images/000000294832.jpg,sink,89.57670593261719,208.09405517578125,237.50498962402344,415.7994384765625
/data/local-files/?d=Users/Fiary/anaconda3/envs/label_studio/project/datas2/clean_data/coco2_images/000000295768.jpg,tv,48.36207580566406,0.91510009765625,533.67041015625,291.10247802734375
/data/local-files/?d=Users/Fiary/anaconda3/envs/label_studio/project/datas2/clean_data/coco2_images/000000297414.jpg,chair,0.2430267333984375,257.4119873046875,143.1245880126953,421.2193603515625
/data/local-files/?d=Users/Fiary/anaconda3/envs/label_studio/project/datas2/clean_data/coco2_images/000000300216.jpg,sink,79.33331298828125,449.122802734375,274.6004943847656,517.2529297
/data/local-files/?d=Users/Fiary/anaconda3/envs/label_studio/project/datas2/clean_data/coco2_images/000000300216.jpg,sink,11.152008056640625,360.72052001953125,477.7483825683594,573.230224609375
/data/local-files/?d=Users/Fiary/anaconda3/envs/label_studio/project/datas2/clean_data/coco2_images/000000301574.jpg,person,74.03347778320312,20.41131591796875,224.87872314453125,370.3001708984375
/data/local-files/?d=Users/Fiary/anaconda3/envs/label_studio/project/datas2/clean_data/coco2_images/000000301574.jpg,person,343.77484130859375,10.283843994140625,406.994873046875,144.8421630859375
/data/local-files/?d=Users/Fiary/anaconda3/envs/label_studio/project/datas2/clean_data/coco2_images/000000301574.jpg,car,238.65487670898438,41.85347366333008,293.0359802246094,81.56953430175781
/data/local-files/?d=Users/Fiary/anaconda3/envs/label_studio/project/datas2/clean_data/coco2_images/000000301574.jpg,person,271.72021484375,23.834381103515625,356.5548095703125,184.2933349609375
/data/local-files/?d=Users/Fiary/anaconda3/envs/label_studio/project/datas2/clean_data/coco2_images/000000301574.jpg,motorcycle,41.08185958862305,52.18153381347656,90.01173400878906,77.41143798828125
/data/local-files/?d=Users/Fiary/anaconda3/envs/label_studio/project/datas2/clean_data/coco2_images/000000301574.jpg,motorcycle,300.7357177734375,67.42327117919922,520.0105590820312,241.53546142578125
/data/local-files/?d=Users/Fiary/anaconda3/envs/label_studio/project/datas2/clean_data/coco2_images/000000301574.jpg,motorcycle,371.075927734375,66.0713882446289,520.04150390625,242.66336059570312
/data/local-files/?d=Users/Fiary/anaconda3/envs/label_studio/project/datas2/clean_data/coco2_images/000000301574.jpg,person,418.0171203613281,44.316871643066406,428.3996887207031,69.09943389892578
/data/local-files/?d=Users/Fiary/anaconda3/envs/label_studio/project/datas2/clean_data/coco2_images/000000301574.jpg,car,205.29205322265625,57.50262451171875,230.35693359375,81.16099548339844
/data/local-files/?d=Users/Fiary/anaconda3/envs/label_studio/project/datas2/clean_data/coco2_images/000000301574.jpg,person,419.6172790527344,44.54106903076172,430.3006896972656,70.77542877197266
/data/local-files/?d=Users/Fiary/anaconda3/envs/label_studio/project/datas2/clean_data/coco2_images/000000301574.jpg,person,25.978595733642578,27.712867736816406,40.70200729370117,76.00299072265625
/data/local-files/?d=Users/Fiary/anaconda3/envs/label_studio/project/datas2/clean_data/coco2_images/000000301574.jpg,person,17.973033905029297,27.592613220214844,38.32989501953125,76.46741485595703
/data/local-files/?d=Users/Fiary/anaconda3/envs/label_studio/project/datas2/clean_data/coco2_images/000000301574.jpg,person,422.51129150390625,45.487857818603516,433.43804931640625,70.44076538085938
/data/local-files/?d=Users/Fiary/anaconda3/envs/label_studio/project/datas2/clean_data/coco2_images/000000301837.jpg,couch,292.7142333984375,494.1822814941406,421.26080322265625,639.8123779296875
